MAST20009/U/1/SM1/L03/01, Lecture 3, 4, 11, 12
MAST20009/U/1/SM1/L02/01, Lecture 2, 3, 12, 13
MAST20009/U/1/SM1/L01/01, Lecture 1, 1, 11, 12
MAST20009/U/1/SM1/P01/18, Practical 1, 4, 16.25, 17.25
MAST20009/U/1/SM1/P01/12, Practical 1, 4, 15.25, 16.25
MAST20009/U/1/SM1/P01/17, Practical 1, 4, 14.25, 15.25
MAST20009/U/1/SM1/P01/14, Practical 1, 4, 12, 13
MAST20009/U/1/SM1/P01/20, Practical 1, 3, 16.25, 17.25
MAST20009/U/1/SM1/P01/16, Practical 1, 3, 15.25, 16.25
MAST20009/U/1/SM1/P01/04, Practical 1, 3, 9, 10
MAST20009/U/1/SM1/P01/03, Practical 1, 2, 16.25, 17.25
MAST20009/U/1/SM1/P01/15, Practical 1, 2, 15.25, 16.25
MAST20009/U/1/SM1/P01/07, Practical 1, 2, 14.25, 15.25
MAST20009/U/1/SM1/P01/06, Practical 1, 2, 11, 12
MAST20009/U/1/SM1/P01/13, Practical 1, 2, 9, 10
MAST20009/U/1/SM1/P01/01, Practical 1, 2, 12, 13
MAST20009/U/1/SM1/P01/21, Practical 1, 1, 13, 14
MAST20009/U/1/SM1/P01/22, Practical 1, 1, 15.25, 16.25
MAST20009/U/1/SM1/P01/11, Practical 1, 0, 15.25, 16.25
MAST20009/U/1/SM1/P01/09, Practical 1, 0, 14.25, 15.25
MAST20009/U/1/SM1/P01/02, Practical 1, 0, 13, 14
MAST20009/U/1/SM1/P01/08, Practical 1, 0, 11, 12
MAST20009/U/1/SM1/P01/05, Practical 1, 0, 10, 11
MAST20009/U/1/SM1/P01/19, Practical 1, 0, 9, 10